method,n_cases,clip_t_mean,lpips_mean
flowedit,40,0.240716460923478,0.1955433783729872
focusflow,40,0.296107681675752,0.2892319876341209
sdedit,40,0.218236946727832,0.4659581511716047